period,count,percentage
2023,6140,49.440373621064495
2024,6134,49.39206055237942
2022,145,1.1675658265560833
